2026-10-02T23:31:24.203962+00:00,NVDA,233.95,234.03,234.23,234.20,639,640,234.95797245166855275845493411130997282027343
2026-10-02T23:31:24.203962+00:00,AAPL,333.69,333.14,333.27,333.24,129,133,337.27051102811310119966770096
2026-10-02T23:31:24.203962+00:00,TSLA,370.59,370.87,371.08,371.07,684,684,370.92218943974940149968775787
2026-10-02T23:31:24.203962+00:00,GOOGL,343.5,343.14,342.90,342.89,418,420,344.35798280708332738279695229753022610715028
2026-10-02T23:31:24.203962+00:00,MSTR,160.01,160.20,160.21,160.20,1755,1759,160.65381139368900651603696041132545319749145
2026-10-02T23:31:24.203962+00:00,HOOD,112.74,112.76,112.75,112.74,609,610,113.6997064939539233681918645962130132892551289
2026-10-02T23:31:24.203962+00:00,CRCL,81.25,81.67,81.64,81.62,1089,1094,81.474836384446676974513732460770429221061071
2026-10-02T23:31:24.203962+00:00,SPY,769.64,770.22,769.74,769.73,339,340,776.3947920685423217322598284499190717927499
2026-10-02T23:31:24.203962+00:00,QQQ,749.58,748.98,749.32,749.29,174,176,750.0452759393758261359471076142748096247213
2026-10-02T23:31:24.203962+00:00,GLD,380.14,380.08,380.24,379.94,137,137,378.98920950331073235866345742126875383504192
2026-10-03T00:33:57.746465+00:00,NVDA,233.95,234.03,234.38,234.37,639,627,234.43881311553764441287517548244443251424284
2026-10-03T00:33:57.746465+00:00,AAPL,333.69,333.18,333.14,333.13,1,127,336.51158091344733103051191232
2026-10-03T00:33:57.746465+00:00,TSLA,370.59,371.08,371.09,371.08,3,680,370.2798725937579985338651736070275890936309
2026-10-03T00:33:57.746465+00:00,GOOGL,343.5,342.90,343.06,343.05,419,415,343.28949344653074234469065005763805535829125
2026-10-03T00:33:57.746465+00:00,MSTR,160.01,160.91,161.31,161.30,19,1736,160.66509077182568051478469068157137103859478
2026-10-03T00:33:57.746465+00:00,HOOD,112.74,113.08,113.11,113.10,5,611,112.46113679792912351504472136
2026-10-03T00:33:57.746465+00:00,CRCL,81.25,81.86,81.91,81.88,5,1083,81.7602413279515997535969733513272404929605496
2026-10-03T00:33:57.746465+00:00,SPY,769.64,769.79,769.94,769.80,1,329,775.76154001270042394843492563408279421482245
2026-10-03T00:33:57.746465+00:00,QQQ,749.58,749.38,749.39,749.31,6,175,750.90418752812744700526126998175791432270824
2026-10-03T00:33:57.746465+00:00,GLD,380.14,380.08,380.16,379.88,137,136,379.48849595895719274943056795984675854003508
2026-10-03T01:36:31.461826+00:00,NVDA,233.95,234.42,234.44,234.43,3,609,234.1510372727970199063374605062498297072747
2026-10-03T01:36:31.461826+00:00,AAPL,333.69,333.18,333.32,333.27,1,126,333.04740755085744028091552974
2026-10-03T01:36:31.461826+00:00,TSLA,370.59,370.98,370.94,370.93,6,666,369.61184385821577061042373403949834048626684
2026-10-03T01:36:31.461826+00:00,GOOGL,343.5,342.90,342.79,342.78,419,412,342.5405728385477941380771429642699045882684
2026-10-03T01:36:31.461826+00:00,MSTR,160.01,161.50,161.52,161.50,63,1737,160.87501392774134761220281815
2026-10-03T01:36:31.461826+00:00,HOOD,112.74,113.08,113.06,113.05,9,608,112.46113679792912351504472136
2026-10-03T01:36:31.461826+00:00,CRCL,81.25,81.97,81.99,81.98,32,1077,81.675801407014813716063351922077950816873208
2026-10-03T01:36:31.461826+00:00,SPY,769.64,769.93,770.34,770.31,4,329,774.78903908175942466928847133513521361780382
2026-10-03T01:36:31.461826+00:00,QQQ,749.58,749.38,749.40,749.35,6,160,752.8006054414104568418157163910442061564656
2026-10-03T01:36:31.461826+00:00,GLD,380.14,380.08,379.86,379.57,137,136,381.16326668178504692601247170315054815520517
2026-10-03T02:39:05.044406+00:00,NVDA,233.95,234.45,234.35,234.34,4,583,235.94002047072687378409260146
2026-10-03T02:39:05.044406+00:00,AAPL,333.69,333.35,333.36,333.35,4,126,333.88605614268607701668134322
2026-10-03T02:39:05.044406+00:00,TSLA,370.59,371.15,371.12,371.11,8,645,371.98158170970457717682479864090625
2026-10-03T02:39:05.044406+00:00,GOOGL,343.5,342.79,343.13,343.12,1,402,344.22599412954134336589856520966687068503
2026-10-03T02:39:05.044406+00:00,MSTR,160.01,161.39,161.51,161.49,76,1705,160.87501392774134761220281815
2026-10-03T02:39:05.044406+00:00,HOOD,112.74,113.14,113.09,113.08,12,597,112.46113679792912351504472136
2026-10-03T02:39:05.044406+00:00,CRCL,81.25,81.99,82.00,81.99,58,1074,82.143041861569303180168862072541649421797936
2026-10-03T02:39:05.044406+00:00,SPY,769.64,769.93,770.69,770.68,4,320,773.9224733585400186579987498
2026-10-03T02:39:05.044406+00:00,QQQ,749.58,750.29,749.86,749.77,15,159,754.4039541878335885418040339845110181173944
2026-10-03T02:39:05.044406+00:00,GLD,380.14,380.08,380.11,379.81,137,136,382.16834268843669709295682
2026-10-03T03:41:41.173846+00:00,NVDA,233.95,234.34,234.35,234.34,7,576,234.0171037624405218670993871451373568797016
2026-10-03T03:41:41.173846+00:00,AAPL,333.69,333.35,333.50,333.49,5,127,333.0313545171577704346195185060604168914457
2026-10-03T03:41:41.173846+00:00,TSLA,370.59,371.04,370.87,370.85,11,641,369.8960729373321442920902410884847755605915
2026-10-03T03:41:41.173846+00:00,GOOGL,343.5,342.79,343.61,343.60,1,398,342.3425986807670860611665044
2026-10-03T03:41:41.173846+00:00,MSTR,160.01,161.39,161.51,161.49,87,1601,161.65220941990468277916611030596257906759655
2026-10-03T03:41:41.173846+00:00,HOOD,112.74,113.15,113.13,113.12,16,593,112.46113679792912351504472136
2026-10-03T03:41:41.173846+00:00,CRCL,81.25,81.85,81.94,81.92,86,1074,81.681298985077901392071453890876174131924444
2026-10-03T03:41:41.173846+00:00,SPY,769.64,770.68,770.69,770.68,5,318,773.03232391669066686777536581853059221481467
2026-10-03T03:41:41.173846+00:00,QQQ,749.58,749.80,749.80,749.76,17,159,751.26484425307152155428792031568632698624323
2026-10-03T03:41:41.173846+00:00,GLD,380.14,380.08,380.05,379.78,137,134,378.93006842700479729598556018908131650575792
